asin,title,price,market,keyword,scraped_at
B0863KR72L,"EUR 46.89
EUR46
.
89",,UK,QWERTZ keyboard,2026-02-19T20:40:18.462102+00:00
B07XLYRWZ3,"EUR 42.48
EUR42
.
48",,UK,QWERTZ keyboard,2026-02-19T20:40:18.482580+00:00
B0DYDPX4VH,"EUR 57.19
EUR57
.
19",,UK,QWERTZ keyboard,2026-02-19T20:40:18.500996+00:00
B08DG4C63H,N/A,,UK,QWERTZ keyboard,2026-02-19T20:40:18.514750+00:00
B00F35N1KS,"EUR 28.61
EUR28
.
61",,UK,QWERTZ keyboard,2026-02-19T20:40:18.534973+00:00
B09N9CY637,N/A,,UK,QWERTZ keyboard,2026-02-19T20:40:18.544174+00:00
B0F58SM5BT,"EUR 22.87
EUR22
.
87",,UK,QWERTZ keyboard,2026-02-19T20:40:18.598020+00:00
B0CFFCC1L6,"EUR 20.58
EUR20
.
58",,UK,QWERTZ keyboard,2026-02-19T20:40:18.615091+00:00
B0CT5VV71Z,"EUR 26.30
EUR26
.
30",,UK,QWERTZ keyboard,2026-02-19T20:40:18.630314+00:00
B0B3DBYXZ6,"EUR 29.73
EUR29
.
73",,UK,QWERTZ keyboard,2026-02-19T20:40:18.651215+00:00
B08B539T4M,N/A,,UK,QWERTZ keyboard,2026-02-19T20:40:18.665719+00:00
B0FHH6B58D,"EUR 80.07
EUR80
.
07",,UK,QWERTZ keyboard,2026-02-19T20:40:18.685466+00:00
B0DBH9YPC7,"EUR 94.82
EUR94
.
82",,UK,QWERTZ keyboard,2026-02-19T20:40:18.713376+00:00
B09X5XYG12,N/A,,UK,QWERTZ keyboard,2026-02-19T20:40:18.728113+00:00
B08RXNFJJR,"EUR 22.22
EUR22
.
22",,UK,QWERTZ keyboard,2026-02-19T20:40:18.743271+00:00
B0977C4H7V,"EUR 21.27
EUR21
.
27",,UK,QWERTZ keyboard,2026-02-19T20:40:18.758745+00:00
B0F1ZJSXB5,N/A,,UK,german keyboard,2026-02-19T20:40:22.999806+00:00
B0B7X1C65B,"EUR 33.68
EUR33
.
68",,UK,german keyboard,2026-02-19T20:40:23.065485+00:00
B08ZNSJ152,"EUR 45.75
EUR45
.
75",,UK,german keyboard,2026-02-19T20:40:23.084203+00:00
B0F639HPHT,"EUR 52.61
EUR52
.
61",,UK,german keyboard,2026-02-19T20:40:23.100954+00:00
B0FD3V3RPY,"EUR 114.34
EUR114
.
34",,UK,german keyboard,2026-02-19T20:40:23.116359+00:00
B07N3D832F,N/A,,UK,german keyboard,2026-02-19T20:40:23.124542+00:00
B08D9PZDGW,"EUR 10.17
EUR10
.
17",,UK,german keyboard,2026-02-19T20:40:23.139604+00:00
B0DGQ6CKNZ,"EUR 146.86
EUR146
.
86",,UK,german keyboard,2026-02-19T20:40:23.155042+00:00
B0CBPJN8BY,"EUR 45.83
EUR45
.
83",,UK,german keyboard,2026-02-19T20:40:23.170049+00:00
B0F63BK4ZB,"EUR 160.14
EUR160
.
14",,UK,german keyboard,2026-02-19T20:40:23.183170+00:00
B0FF9RVNCZ,"EUR 70.46
EUR70
.
46",,UK,german keyboard,2026-02-19T20:40:23.197826+00:00
B0DPH3BTC6,"EUR 21.19
EUR21
.
19",,UK,german keyboard,2026-02-19T20:40:23.212124+00:00
B09B1VMTVX,"EUR 6.38
EUR6
.
38",,UK,german keyboard,2026-02-19T20:40:23.225620+00:00
B0CSYT813K,"EUR 20.58
EUR20
.
58",,UK,mechanical keyboard,2026-02-19T20:40:28.050349+00:00
B0FF9WN7R1,"EUR 70.46
EUR70
.
46",,UK,mechanical keyboard,2026-02-19T20:40:28.078472+00:00
B07CMH9HDY,"EUR 39.11
EUR39
.
11",,UK,mechanical keyboard,2026-02-19T20:40:28.094835+00:00
B0CS365B89,"EUR 26.07
EUR26
.
07",,UK,mechanical keyboard,2026-02-19T20:40:28.115535+00:00
B07W4DHQJ6,"EUR 51.47
EUR51
.
47",,UK,mechanical keyboard,2026-02-19T20:40:28.137528+00:00
B0DLW2XLXL,"EUR 32.89
EUR32
.
89",,UK,mechanical keyboard,2026-02-19T20:40:28.152592+00:00
B0B96M3VB2,"EUR 45.75
EUR45
.
75",,UK,mechanical keyboard,2026-02-19T20:40:28.171102+00:00
B0DFXV6ZPM,"EUR 148.66
EUR148
.
66",,UK,mechanical keyboard,2026-02-19T20:40:28.185503+00:00
B0B8DJ58P6,"EUR 57.19
EUR57
.
19",,UK,mechanical keyboard,2026-02-19T20:40:28.200843+00:00
B0831T7JNK,"EUR 57.19
EUR57
.
19",,UK,mechanical keyboard,2026-02-19T20:40:28.215337+00:00
B0DWMX5TXV,"EUR 80.07
EUR80
.
07",,UK,mechanical keyboard,2026-02-19T20:40:28.230236+00:00
B0DGL6L5YX,"EUR 17.81
EUR17
.
81",,UK,mechanical keyboard,2026-02-19T20:40:28.247567+00:00
B07W4DHKZJ,"EUR 193.33
EUR193
.
33",,UK,mechanical keyboard,2026-02-19T20:40:28.263781+00:00
B0D1Y99KDH,"EUR 77.69
EUR77
.
69",,UK,mechanical keyboard,2026-02-19T20:40:28.281516+00:00
B09Q3BBKNQ,"EUR 22.75
EUR22
.
75",,UK,mechanical keyboard,2026-02-19T20:40:28.299099+00:00
B00OCMRV40,"90,60 €
90
,
60€",,FR,clavier qwertz,2026-02-19T20:40:33.644641+00:00
B08QD8MZX1,"77,36 €
77
,
36€",,FR,clavier qwertz,2026-02-19T20:40:33.697554+00:00
B0FG85MKT1,"95,99 €
95
,
99€",,FR,clavier qwertz,2026-02-19T20:40:33.717824+00:00
B09R1VZRFF,"39,97 €
39
,
97€",,FR,clavier qwertz,2026-02-19T20:40:33.742257+00:00
B07FLYR1TG,"39,97 €
39
,
97€",,FR,clavier qwertz,2026-02-19T20:40:33.762820+00:00
B08DG4C63H,"12,99 €
12
,
99€",,FR,clavier qwertz,2026-02-19T20:40:33.783690+00:00
B0094QSF8U,N/A,,FR,clavier qwertz,2026-02-19T20:40:33.795793+00:00
B0DP36D6K5,"19,99 €
19
,
99€",,FR,clavier qwertz,2026-02-19T20:40:33.814064+00:00
B0CVTZ4BT7,"49,19 €
49
,
19€",,FR,clavier qwertz,2026-02-19T20:40:33.840944+00:00
B077BT728N,"29,89 €
29
,
89€",,FR,clavier qwertz,2026-02-19T20:40:33.863937+00:00
B0CPM1TB52,"24,99 €
24
,
99€",,FR,clavier qwertz,2026-02-19T20:40:33.890330+00:00
B08KWBVK4Z,"12,44 €
12
,
44€",,FR,clavier qwertz,2026-02-19T20:40:33.907415+00:00
B0D8SM16B5,"22,81 €
22
,
81€",,FR,clavier qwertz,2026-02-19T20:40:33.930940+00:00
B08KWBJCNM,"12,77 €
12
,
77€",,FR,clavier qwertz,2026-02-19T20:40:33.957350+00:00
B003UL1RGC,"19,57 €
19
,
57€",,FR,clavier qwertz,2026-02-19T20:40:33.989902+00:00
B07GXXC451,"22,99 €
22
,
99€",,FR,clavier qwertz,2026-02-19T20:40:34.015410+00:00
B0B4W52FN5,"34,99 €
34
,
99€",,FR,clavier mecanique,2026-02-19T20:40:38.674120+00:00
B07YG1VBGW,"38,00 €
38
,
00€",,FR,clavier mecanique,2026-02-19T20:40:38.693534+00:00
B0FX988W28,"129,99 €
129
,
99€",,FR,clavier mecanique,2026-02-19T20:40:38.708368+00:00
B0DL7GP7HD,"66,95 €
66
,
95€",,FR,clavier mecanique,2026-02-19T20:40:38.730272+00:00
B0DNMVC7SP,"29,99 €
29
,
99€",,FR,clavier mecanique,2026-02-19T20:40:38.756140+00:00
B0FSLT33D3,"44,90 €
44
,
90€",,FR,clavier mecanique,2026-02-19T20:40:38.777011+00:00
B0BHGSRTDD,"29,99 €
29
,
99€",,FR,clavier mecanique,2026-02-19T20:40:38.792104+00:00
B0G4LZJ3XM,"59,39 €
59
,
39€",,FR,clavier mecanique,2026-02-19T20:40:38.807273+00:00
B0DWMX5TXV,"79,99 €
79
,
99€",,FR,clavier mecanique,2026-02-19T20:40:38.826412+00:00
B0FJ7Z9KGH,"33,99 €
33
,
99€",,FR,clavier mecanique,2026-02-19T20:40:38.841669+00:00
B0BG2V7MGP,"27,99 €
27
,
99€",,FR,clavier mecanique,2026-02-19T20:40:38.857375+00:00
B08Y613KGH,"64,95 €
64
,
95€",,FR,clavier mecanique,2026-02-19T20:40:38.873541+00:00
B0CRD5G38M,"49,99 €
49
,
99€",,FR,clavier mecanique,2026-02-19T20:40:38.892195+00:00
B09NQY2Y8R,"39,99 €
39
,
99€",,FR,clavier mecanique,2026-02-19T20:40:38.926899+00:00
B0D3GZYN1P,"72,99 €
72
,
99€",,FR,clavier mecanique,2026-02-19T20:40:38.943112+00:00
B07HCZNWYT,N/A,,FR,clavier layout allemand,2026-02-19T20:40:43.660134+00:00
B07DKJKM4T,"29,99 €
29
,
99€",,FR,clavier layout allemand,2026-02-19T20:40:43.711543+00:00
B09N9CY637,"35,99 €
35
,
99€",,FR,clavier layout allemand,2026-02-19T20:40:43.740956+00:00
B0CBMPXG9B,N/A,,FR,clavier layout allemand,2026-02-19T20:40:43.756498+00:00
B0FK6FTRZQ,"24,99 €
24
,
99€",,FR,clavier layout allemand,2026-02-19T20:40:43.774653+00:00
B006T02YRM,"33,11 €
33
,
11€",,FR,clavier layout allemand,2026-02-19T20:40:43.791853+00:00
B0DXL4PVH2,"29,99 €
29
,
99€",,FR,clavier layout allemand,2026-02-19T20:40:43.810480+00:00
B07Z1G3VG1,"45,05 €
45
,
05€",,FR,clavier layout allemand,2026-02-19T20:40:43.831044+00:00
B0C592RKDV,"59,99 €
59
,
99€",,FR,clavier layout allemand,2026-02-19T20:40:43.857732+00:00
B01ARGX3NM,"26,38 €
26
,
38€",,FR,clavier layout allemand,2026-02-19T20:40:43.910979+00:00
B07YLZG1SK,"55,93 €
55
,
93€",,FR,clavier layout allemand,2026-02-19T20:40:43.952271+00:00
B0DKTHFTMD,"30,65 €
30
,
65€",,FR,clavier layout allemand,2026-02-19T20:40:43.972703+00:00
B09J88KM8L,"113,03 €
113
,
03€",,IT,tastiera qwertz,2026-02-19T20:40:50.416095+00:00
B0BXXM31Y2,"126,50 €
126
,
50€",,IT,tastiera qwertz,2026-02-19T20:40:50.445494+00:00
B0B4W52FN5,"29,99 €
29
,
99€",,IT,tastiera qwertz,2026-02-19T20:40:50.470065+00:00
B077BT728N,"29,83 €
29
,
83€",,IT,tastiera qwertz,2026-02-19T20:40:50.489054+00:00
B003PAMIA2,"7,79 €
7
,
79€",,IT,tastiera qwertz,2026-02-19T20:40:50.508934+00:00
B003IZ5JXC,"17,48 €
17
,
48€",,IT,tastiera qwertz,2026-02-19T20:40:50.526050+00:00
B0D1G1P4T5,"19,99 €
19
,
99€",,IT,tastiera qwertz,2026-02-19T20:40:50.543686+00:00
B0797FYB3K,"33,27 €
33
,
27€",,IT,tastiera qwertz,2026-02-19T20:40:50.567245+00:00
B08KW8QHP2,"6,77 €
6
,
77€",,IT,tastiera qwertz,2026-02-19T20:40:50.594595+00:00
B0094QSF8U,"16,99 €
16
,
99€",,IT,tastiera qwertz,2026-02-19T20:40:50.615608+00:00
B08KWBJCNM,"15,76 €
15
,
76€",,IT,tastiera qwertz,2026-02-19T20:40:50.634541+00:00
B0CPM1TB52,"24,99 €
24
,
99€",,IT,tastiera qwertz,2026-02-19T20:40:50.654805+00:00
B07Y425Y2H,"36,99 €
36
,
99€",,IT,tastiera qwertz,2026-02-19T20:40:50.677157+00:00
B0072AEZJI,"16,99 €
16
,
99€",,IT,tastiera qwertz,2026-02-19T20:40:50.694193+00:00
B0042BZWHE,"12,80 €
12
,
80€",,IT,tastiera qwertz,2026-02-19T20:40:50.713910+00:00
B07DKJKM4T,"33,13 €
33
,
13€",,IT,tastiera qwertz,2026-02-19T20:40:50.731628+00:00
B0FPFPWJDB,"53,24 €
53
,
24€",,IT,tastiera qwertz,2026-02-19T20:40:50.748490+00:00
B0FNRM865K,"84,14 €
84
,
14€",,IT,tastiera qwertz,2026-02-19T20:40:50.766064+00:00
B0CQKMKPZW,"42,49 €
42
,
49€",,IT,tastiera qwertz,2026-02-19T20:40:50.783267+00:00
B0DGTK68JW,"39,99 €
39
,
99€",,IT,tastiera meccanica,2026-02-19T20:40:55.592616+00:00
B07W7MQMDH,"49,39 €
49
,
39€",,IT,tastiera meccanica,2026-02-19T20:40:55.638954+00:00
B0B4VZW3BY,"23,54 €
23
,
54€",,IT,tastiera meccanica,2026-02-19T20:40:55.655546+00:00
B0D9ZQH9TK,"59,99 €
59
,
99€",,IT,tastiera meccanica,2026-02-19T20:40:55.671408+00:00
B0851CN3GC,"19,99 €
19
,
99€",,IT,tastiera meccanica,2026-02-19T20:40:55.688824+00:00
B0CYTB34XC,"59,99 €
59
,
99€",,IT,tastiera meccanica,2026-02-19T20:40:55.704937+00:00
B07W7N38X8,"76,49 €
76
,
49€",,IT,tastiera meccanica,2026-02-19T20:40:55.723455+00:00
B09JGB2XK7,"29,99 €
29
,
99€",,IT,tastiera meccanica,2026-02-19T20:40:55.741342+00:00
B0CQLN55LZ,"50,14 €
50
,
14€",,IT,tastiera meccanica,2026-02-19T20:40:55.758240+00:00
B0DQVHP2WH,"49,99 €
49
,
99€",,IT,tastiera meccanica,2026-02-19T20:40:55.774143+00:00
B08DG47ML4,"10,99 €
10
,
99€",,IT,tastiera meccanica,2026-02-19T20:40:55.791594+00:00
B0CSYRHRJ6,"10,99 €
10
,
99€",,IT,tastiera meccanica,2026-02-19T20:40:55.809624+00:00
B07W5JJP7D,"85,00 €
85
,
00€",,IT,tastiera meccanica,2026-02-19T20:40:55.825903+00:00
B0DPRNP35D,"46,79 €
46
,
79€",,IT,tastiera meccanica,2026-02-19T20:40:55.845177+00:00
B0CM64HVKQ,"47,49 €
47
,
49€",,IT,tastiera meccanica,2026-02-19T20:40:55.862745+00:00
B0DFXWQWB8,"99,95 €
99
,
95€",,IT,tastiera meccanica,2026-02-19T20:40:55.879017+00:00
B0F48L5MVC,"33,99 €
33
,
99€",,IT,tastiera layout tedesco,2026-02-19T20:41:00.830270+00:00
B0FKVBZ2PD,"44,99 €
44
,
99€",,IT,tastiera layout tedesco,2026-02-19T20:41:00.851986+00:00
B09SFS4WQS,"32,99 €
32
,
99€",,IT,tastiera layout tedesco,2026-02-19T20:41:00.874959+00:00
B0C3VMY393,"69,97 €
69
,
97€",,IT,tastiera layout tedesco,2026-02-19T20:41:00.897052+00:00
B00BCE30RS,"32,39 €
32
,
39€",,IT,tastiera layout tedesco,2026-02-19T20:41:01.052469+00:00
B01AUGT964,"43,99 €
43
,
99€",,IT,tastiera layout tedesco,2026-02-19T20:41:01.110947+00:00
B0DM6JVVJR,"25,38 €
25
,
38€",,IT,tastiera layout tedesco,2026-02-19T20:41:01.131630+00:00
B072KJDCL8,"46,58 €
46
,
58€",,IT,tastiera layout tedesco,2026-02-19T20:41:01.191752+00:00
B0DSZQK42Y,"68,99 €
68
,
99€",,IT,tastiera layout tedesco,2026-02-19T20:41:01.269059+00:00
B08T1PLFC7,"20,49 €
20
,
49€",,IT,tastiera layout tedesco,2026-02-19T20:41:01.290288+00:00
B07FHTJC1G,"59,99 €
59
,
99€",,ES,teclado qwertz,2026-02-19T20:41:07.833527+00:00
B0DJ6PCW72,"49,99 €
49
,
99€",,ES,teclado qwertz,2026-02-19T20:41:07.851723+00:00
B07F59BY7L,"79,99 €
79
,
99€",,ES,teclado qwertz,2026-02-19T20:41:07.868512+00:00
B01AUGT964,N/A,,ES,teclado qwertz,2026-02-19T20:41:07.877634+00:00
B08DG4C63H,"10,99 €
10
,
99€",,ES,teclado qwertz,2026-02-19T20:41:07.894611+00:00
B0D1G1P4T5,"19,99 €
19
,
99€",,ES,teclado qwertz,2026-02-19T20:41:07.909410+00:00
B00VHHWNMI,"31,94 €
31
,
94€",,ES,teclado qwertz,2026-02-19T20:41:07.924830+00:00
B08KWBJCNM,"12,10 €
12
,
10€",,ES,teclado qwertz,2026-02-19T20:41:07.940147+00:00
B0072AEZJI,"23,41 €
23
,
41€",,ES,teclado qwertz,2026-02-19T20:41:07.958018+00:00
B07W7K29YM,"33,99 €
33
,
99€",,ES,teclado qwertz,2026-02-19T20:41:07.987165+00:00
B0CPM1TB52,"24,99 €
24
,
99€",,ES,teclado qwertz,2026-02-19T20:41:08.023417+00:00
B0F5GLYP96,"29,00 €
29
,
00€",,ES,teclado qwertz,2026-02-19T20:41:08.070022+00:00
B072KJDCL8,"40,90 €
40
,
90€",,ES,teclado qwertz,2026-02-19T20:41:08.110547+00:00
B0DK9S97CG,"24,20 €
24
,
20€",,ES,teclado qwertz,2026-02-19T20:41:08.137166+00:00
B0CPMBBMW1,N/A,,ES,teclado qwertz,2026-02-19T20:41:08.148232+00:00
B07GXXC451,"19,99 €
19
,
99€",,ES,teclado qwertz,2026-02-19T20:41:08.168677+00:00
B0BHYRG6V8,"34,99 €
34
,
99€",,ES,teclado qwertz,2026-02-19T20:41:08.184508+00:00
B0FM8C8M7G,"31,41 €
31
,
41€",,ES,teclado qwertz,2026-02-19T20:41:08.200505+00:00
B0DGTKTY75,"39,99 €
39
,
99€",,ES,teclado qwertz,2026-02-19T20:41:08.215631+00:00
B0B4W52FN5,"28,25 €
28
,
25€",,ES,teclado mecanico,2026-02-19T20:41:12.839945+00:00
B0CSYQWWTZ,"12,12 €
12
,
12€",,ES,teclado mecanico,2026-02-19T20:41:12.860886+00:00
B0CJVHZP1W,"94,65 €
94
,
65€",,ES,teclado mecanico,2026-02-19T20:41:12.889639+00:00
B0FCLXFQT5,"59,99 €
59
,
99€",,ES,teclado mecanico,2026-02-19T20:41:12.913204+00:00
B07W7KMK4W,"47,99 €
47
,
99€",,ES,teclado mecanico,2026-02-19T20:41:12.946720+00:00
B0FSLT33D3,"61,38 €
61
,
38€",,ES,teclado mecanico,2026-02-19T20:41:12.965315+00:00
B09L57Z1V3,"24,90 €
24
,
90€",,ES,teclado mecanico,2026-02-19T20:41:12.982542+00:00
B09NQHF99G,"136,43 €
136
,
43€",,ES,teclado mecanico,2026-02-19T20:41:13.016566+00:00
B0B4VZW3BY,"28,25 €
28
,
25€",,ES,teclado mecanico,2026-02-19T20:41:13.033905+00:00
B01L6L44NU,"54,99 €
54
,
99€",,ES,teclado mecanico,2026-02-19T20:41:13.053226+00:00
B08DDDVWWW,"19,99 €
19
,
99€",,ES,teclado mecanico,2026-02-19T20:41:13.071160+00:00
B0DFWH9YWK,"39,59 €
39
,
59€",,ES,teclado mecanico,2026-02-19T20:41:13.089331+00:00
B0CQKMKPZW,"42,49 €
42
,
49€",,ES,teclado mecanico,2026-02-19T20:41:13.106096+00:00
B0FHVS4B7D,"63,74 €
63
,
74€",,ES,teclado mecanico,2026-02-19T20:41:13.122773+00:00
B0DQQ87W32,"34,99 €
34
,
99€",,ES,teclado mecanico,2026-02-19T20:41:13.138255+00:00
B0DFWVT9HF,"200,37 €
200
,
37€",,ES,teclado mecanico,2026-02-19T20:41:13.156140+00:00
B0FKVBZ2PD,"44,99 €
44
,
99€",,ES,teclado mecanico,2026-02-19T20:41:13.173102+00:00
B00564NI9U,"12,90 €
12
,
90€",,ES,teclado alem,2026-02-19T20:41:18.372472+00:00
B0879KGWTY,"80,34 €
80
,
34€",,ES,teclado alem,2026-02-19T20:41:18.399203+00:00
B09CF44X5T,N/A,,ES,teclado alem,2026-02-19T20:41:18.411557+00:00
B07CWVV6DB,"56,05 €
56
,
05€",,ES,teclado alem,2026-02-19T20:41:18.431732+00:00
B09BRDPYBW,N/A,,ES,teclado alem,2026-02-19T20:41:18.439706+00:00
B08DG6LBRN,"10,99 €
10
,
99€",,ES,teclado alem,2026-02-19T20:41:18.456833+00:00
B084H165KT,N/A,,ES,teclado alem,2026-02-19T20:41:18.465087+00:00
B0CPM5PGWM,"18,99 €
18
,
99€",,ES,teclado alem,2026-02-19T20:41:18.482614+00:00
B00564GWEI,"18,89 €
18
,
89€",,ES,teclado alem,2026-02-19T20:41:18.500099+00:00
B07W7LMCF9,N/A,,ES,teclado alem,2026-02-19T20:41:18.525471+00:00
B07T63FQ2M,"9,28 €
9
,
28€",,ES,teclado alem,2026-02-19T20:41:18.543775+00:00
B00XYTTEAQ,"29,90 €
29
,
90€",,ES,teclado alem,2026-02-19T20:41:18.560569+00:00
B0C89KJQ9F,"14,77 €
14
,
77€",,ES,teclado alem,2026-02-19T20:41:18.577268+00:00
